{
  "is_obsidian_vault": true,
  "smart_blocks": {
    "embed_blocks": true,
    "min_chars": 200
  },
  "smart_sources": {
    "single_file_data_path": ".smart-env/smart_sources.json",
    "min_chars": 200,
    "embed_model": {
      "adapter": "transformers",
      "transformers": {
        "legacy_transformers": false,
        "model_key": "TaylorAI/bge-micro-v2"
      },
      "TaylorAI/bge-micro-v2": {},
      "openai": {
        "model_key": "text-embedding-3-small"
      }
    },
    "smart_change": {
      "active": true
    }
  },
  "file_exclusions": "Untitled",
  "folder_exclusions": "smart-chats",
  "smart_view_filter": {
    "render_markdown": true,
    "show_full_path": false,
    "results_limit": "20"
  },
  "smart_notices": {
    "muted": {
      "missing_entity": true,
      "done_import": true,
      "embedding_complete": true
    }
  },
  "excluded_headings": "",
  "expanded_view": false
}