{
  "collapse-filter": true,
  "search": "",
  "showTags": false,
  "showAttachments": false,
  "hideUnresolved": false,
  "showOrphans": true,
  "collapse-color-groups": true,
  "colorGroups": [
    {
      "query": "path:\"📚 Livros/💻 Programação/🦆 Grokking Algorithms/Exercícios Resolvidos\"  ",
      "color": {
        "a": 1,
        "rgb": 8254118
      }
    },
    {
      "query": "path:\"📚 Livros/💻 Programação/🦆 Grokking Algorithms\"  ",
      "color": {
        "a": 1,
        "rgb": 4167521
      }
    }
  ],
  "collapse-display": false,
  "showArrow": false,
  "textFadeMultiplier": 0.8,
  "nodeSizeMultiplier": 1.171875,
  "lineSizeMultiplier": 1.14635416666667,
  "collapse-forces": true,
  "centerStrength": 0.458333333333333,
  "repelStrength": 9.375,
  "linkStrength": 0.119791666666667,
  "linkDistance": 30,
  "scale": 0.25883865621816654,
  "close": true
}