{
  "main": {
    "id": "cfe7b4322fc62524",
    "type": "split",
    "children": [
      {
        "id": "b6ec725a2ef973a4",
        "type": "tabs",
        "children": [
          {
            "id": "334932d00547363e",
            "type": "leaf",
            "state": {
              "type": "markdown",
              "state": {
                "file": "📚 Livros/💻 Programação/🦆 Grokking Algorithms/17 - Pilhas.md",
                "mode": "source",
                "source": false
              },
              "icon": "lucide-file",
              "title": "17 - Pilhas"
            }
          },
          {
            "id": "0114afbe7e387fb8",
            "type": "leaf",
            "state": {
              "type": "graph",
              "state": {},
              "icon": "lucide-git-fork",
              "title": "Graph view"
            }
          }
        ]
      }
    ],
    "direction": "vertical"
  },
  "left": {
    "id": "e948bf41808bdf60",
    "type": "split",
    "children": [
      {
        "id": "b775a866c9531d70",
        "type": "tabs",
        "children": [
          {
            "id": "6395189de6300b92",
            "type": "leaf",
            "state": {
              "type": "file-explorer",
              "state": {
                "sortOrder": "alphabetical",
                "autoReveal": false
              },
              "icon": "lucide-folder-closed",
              "title": "Files"
            }
          },
          {
            "id": "b1b4ac938b5fe689",
            "type": "leaf",
            "state": {
              "type": "search",
              "state": {
                "query": "",
                "matchingCase": false,
                "explainSearch": false,
                "collapseAll": false,
                "extraContext": false,
                "sortOrder": "alphabetical"
              },
              "icon": "lucide-search",
              "title": "Search"
            }
          },
          {
            "id": "587e664a087c3220",
            "type": "leaf",
            "state": {
              "type": "bookmarks",
              "state": {},
              "icon": "lucide-bookmark",
              "title": "Bookmarks"
            }
          }
        ]
      }
    ],
    "direction": "horizontal",
    "width": 300
  },
  "right": {
    "id": "ad7b11a51c3dd1df",
    "type": "split",
    "children": [
      {
        "id": "562b20b6e036c8ff",
        "type": "tabs",
        "children": [
          {
            "id": "1dd79f75eece4244",
            "type": "leaf",
            "state": {
              "type": "backlink",
              "state": {
                "file": "📚 Livros/💻 Programação/🦆 Grokking Algorithms/09 - Memória.md",
                "collapseAll": false,
                "extraContext": false,
                "sortOrder": "alphabetical",
                "showSearch": false,
                "searchQuery": "",
                "backlinkCollapsed": false,
                "unlinkedCollapsed": true
              },
              "icon": "links-coming-in",
              "title": "Backlinks for 09 - Memória"
            }
          },
          {
            "id": "a7da4766acb4a36e",
            "type": "leaf",
            "state": {
              "type": "outgoing-link",
              "state": {
                "file": "📚 Livros/💻 Programação/🦆 Grokking Algorithms/09 - Memória.md",
                "linksCollapsed": false,
                "unlinkedCollapsed": true
              },
              "icon": "links-going-out",
              "title": "Outgoing links from 09 - Memória"
            }
          },
          {
            "id": "ed4969193c2fdc9f",
            "type": "leaf",
            "state": {
              "type": "outline",
              "state": {
                "file": "📚 Livros/💻 Programação/🦆 Grokking Algorithms/09 - Memória.md",
                "followCursor": false,
                "showSearch": false,
                "searchQuery": ""
              },
              "icon": "lucide-list",
              "title": "Outline of 09 - Memória"
            }
          },
          {
            "id": "a5d8e74f9270d781",
            "type": "leaf",
            "state": {
              "type": "git-view",
              "state": {},
              "icon": "lucide-file",
              "title": "Plugin no longer active"
            }
          },
          {
            "id": "fc31a60a62544657",
            "type": "leaf",
            "state": {
              "type": "tag",
              "state": {
                "sortOrder": "frequency",
                "useHierarchy": true,
                "showSearch": false,
                "searchQuery": ""
              },
              "icon": "lucide-tags",
              "title": "Tags"
            }
          },
          {
            "id": "42a004632d58c80a",
            "type": "leaf",
            "state": {
              "type": "review-queue-list-view",
              "state": {},
              "icon": "SpacedRepIcon",
              "title": "Notes Review Queue"
            }
          }
        ],
        "currentTab": 5
      }
    ],
    "direction": "horizontal",
    "width": 200,
    "collapsed": true
  },
  "left-ribbon": {
    "hiddenItems": {
      "switcher:Open quick switcher": false,
      "graph:Open graph view": false,
      "canvas:Create new canvas": false,
      "daily-notes:Open today's daily note": false,
      "templates:Insert template": false,
      "command-palette:Open command palette": false,
      "zk-prefixer:Create new unique note": false,
      "obsidian-spaced-repetition:Review flashcards": false,
      "smart-connections:Open: View Smart Connections": false,
      "smart-connections:Open: Smart Chat Conversation": false,
      "obsidian-excalidraw-plugin:New drawing": false,
      "mermaid-tools:Open Mermaid Toolbar": false,
      "obsidian-git:Open Git source control": false
    }
  },
  "active": "334932d00547363e",
  "lastOpenFiles": [
    "📚 Livros/💻 Programação/🦆 Grokking Algorithms/Exercícios Resolvidos/03 - Exercícios (45).md",
    "📚 Livros/💻 Programação/🦆 Grokking Algorithms/20 - A Call Stack.md",
    "📚 Livros/💻 Programação/🦆 Grokking Algorithms/17 - Pilhas.md",
    "📚 Livros/💻 Programação/🦆 Grokking Algorithms/14 - Estruturas de Dados Fundamentais.md",
    "📚 Livros/💻 Programação/🦆 Grokking Algorithms/15 - Algoritmos de Ordenação.md",
    "📚 Livros/💻 Programação/🦆 Grokking Algorithms/- Listas Ligadas vs. Arrays.md",
    "📚 Livros/💻 Programação/🦆 Grokking Algorithms/16 - Filas.md",
    "📚 Livros/💻 Programação/🦆 Grokking Algorithms/19 - Grafos.md",
    "📚 Livros/💻 Programação/🦆 Grokking Algorithms/18 - Árvores.md",
    "📚 Livros/💻 Programação/🦆 Grokking Algorithms/12 - Selection Sort.md",
    "📚 Livros/💻 Programação/🦆 Grokking Algorithms/13 - Listas ligadas x Arrays.md",
    "📚 Livros/💻 Programação/🦆 Grokking Algorithms/11 - Listas.md",
    "📚 Livros/💻 Programação/🦆 Grokking Algorithms/10 - Arrays.md",
    "📚 Livros/💻 Programação/🦆 Grokking Algorithms/00 - Velocidade de Algoritmos.md",
    "📚 Livros/💻 Programação/🦆 Grokking Algorithms/01 - Busca binária.md",
    "📚 Livros/💻 Programação/🦆 Grokking Algorithms/02 - Complexidade de algoritmos.md",
    "📚 Livros/💻 Programação/🦆 Grokking Algorithms/06 - Complexidade n log n.md",
    "📚 Livros/💻 Programação/🦆 Grokking Algorithms/05 - Complexidade log (n).md",
    "📚 Livros/💻 Programação/🦆 Grokking Algorithms/04 - Complexidade linear.md",
    "📚 Livros/💻 Programação/🦆 Grokking Algorithms/03 - Big O Notation.md",
    "📚 Livros/💻 Programação/🦆 Grokking Algorithms/00 - Algoritmos.md",
    "Ordenação por Seleção.md",
    "📚 Livros/💻 Programação/🦆 Grokking Algorithms/Exercícios Resolvidos/02 - Exercícios (28).md",
    "📚 Livros/💻 Programação/🦆 Grokking Algorithms/Exercícios Resolvidos/01 - Exercícios (17).md",
    "📚 Livros/💻 Programação/🦆 Grokking Algorithms/Exercícios Resolvidos/00 - Lista de Exercícios.md",
    "📚 Livros/💻 Programação/🦆 Grokking Algorithms/09 - Memória.md",
    "Cérebro.zip",
    "Git",
    "📚 Livros/💻 Programação/🦆 Grokking Algorithms/Imagens/Pasted image 20250327165433.png",
    "📚 Livros/💻 Programação/🦆 Grokking Algorithms/Imagens",
    "Pasted image 20250327165444.png",
    "📚 Livros/🗃️ História",
    "📚 Livros/🏛️ Filosofia",
    "📚 Livros/🐲 Fantasia",
    "📚 Livros/🪙 Economia",
    "📚 Livros/⚒️ Sociologia",
    "📚 Livros/💻 Programação",
    "📚 Livros"
  ]
}